{"timestamp": "2022-02-18 21:04:29.970717", "camera_resolution": [1920, 1080], "cameras": [{"k": [[957.0183847467357, 0.0, 959.7921954188365], [0.0, 966.0965125095963, 564.8334309865154], [0.0, 0.0, 1.0]], "d": [[0.1406096764646993], [-0.10665361291304085], [0.07544109171750779], [-0.01940137994542258]], "r": [[1.0, 0.0, 0.0], [0.0, 0.0, -1.0], [0.0, 1.0, 0.0]], "t": [[0.0], [0.5], [0.0]]}, {"k": [[952.9011142603142, 0.0, 956.6859954167097], [0.0, 961.770646039857, 549.0242069618193], [0.0, 0.0, 1.0]], "d": [[0.11369896662123395], [-0.012547802648973871], [-0.0420806856749681], [0.027062828441521136]], "r": [[0.9988487025412439, -0.026079687652671706, -0.04026312610333145], [-0.04081222722773825, -0.02087608631205951, -0.9989487229728076], [0.025211734180439628, 0.9994418636980495, -0.021916421865448923]], "t": [[-0.35943373218570807], [0.5114173595619014], [-0.010893871724221045]]}]}