{"timestamp": "2022-02-18 21:04:29.457251", "camera_resolution": [1920, 1080], "cameras": [{"k": [[960.4869959766988, 0.0, 945.8354930857048], [0.0, 968.4271879913204, 584.4604356196446], [0.0, 0.0, 1.0]], "d": [[0.1290252478211594], [-0.048099608754185307], [-0.012195437586590469], [0.013336374966686833]], "r": [[0.999375581741333, -0.03432165831327439, -0.008395684882998468], [-0.008395684882998466, 0.0001441199320686981, -0.9999647457146749], [0.034321658313274384, 0.9994108360266583, -0.0001441199320686426]], "t": [[0.004197842441499234], [0.49998237285733743], [7.20599660343213e-05]]}, {"k": [[948.6890782956718, 0.0, 962.0725286534648], [0.0, 959.4482907514903, 539.0572440942218], [0.0, 0.0, 1.0]], "d": [[0.13703607313055885], [-0.1082377390104192], [0.11408595667532688], [-0.06411631412662565]], "r": [[0.9975804289617176, -0.04773852586238611, -0.050540459153822936], [-0.04857835277579552, 0.04140440449422083, -0.9979608307117449], [0.04973377654070948, 0.9980013650313296, 0.03898516796255542]], "t": [[-0.4698686816415073], [0.5230917872612859], [-0.044177439555683956]]}]}