{"timestamp": "2022-02-18 21:04:36.924337", "camera_resolution": [1920, 1080], "cameras": [{"k": [[957.0183847467357, 0.0, 959.7921954188365], [0.0, 966.0965125095963, 564.8334309865154], [0.0, 0.0, 1.0]], "d": [[0.1406096764646993], [-0.10665361291304085], [0.07544109171750779], [-0.01940137994542258]], "r": [[0.9999999854780017, -0.00012193549183037679, 0.00011906188207855578], [0.00011905333124770135, -7.013071463286511e-05, -0.9999999904539933], [0.0001219438405612555, 0.9999999901067091, -7.011619678792728e-05]], "t": [[0.00022231594741451503], [0.5], [0.0]]}, {"k": [[952.9011142603142, 0.0, 956.6859954167097], [0.0, 961.770646039857, 549.0242069618193], [0.0, 0.0, 1.0]], "d": [[0.11369896662123395], [-0.012547802648973871], [-0.0420806856749681], [0.027062828441521136]], "r": [[0.9988493318650047, -0.026121597491957315, -0.0402203229387965], [-0.040770326490975256, -0.020875595750478385, -0.9989504442062588], [0.025254558215343854, 0.9994407794594588, -0.02191656092586221]], "t": [[-0.35943042854242696], [0.5115503461946205], [-0.010867351952124214]]}]}