{"timestamp": "2022-02-18 21:04:35.672820", "camera_resolution": [1920, 1080], "cameras": [{"k": [[960.4869959766988, 0.0, 945.8354930857048], [0.0, 968.4271879913204, 584.4604356196446], [0.0, 0.0, 1.0]], "d": [[0.1290252478211594], [-0.048099608754185307], [-0.012195437586590469], [0.013336374966686833]], "r": [[0.9993754917866172, -0.034321938923614355, -0.008404220652783928], [-0.008406790353920475, 6.944253687596465e-05, -0.9999646599023785], [0.034321309593344826, 0.9994108262802929, -0.00021913817562956134]], "t": [[0.004197842441499234], [0.49998237285733743], [7.20599660343213e-05]]}, {"k": [[948.6890782956718, 0.0, 962.0725286534648], [0.0, 959.4482907514903, 539.0572440942218], [0.0, 0.0, 1.0]], "d": [[0.13703607313055885], [-0.1082377390104192], [0.11408595667532688], [-0.06411631412662565]], "r": [[0.9975804204150194, -0.04773852537654169, -0.05054045903497679], [-0.04857835235960398, 0.04140440613290716, -0.9979608303108932], [0.049733776114618926, 0.99800135688668, 0.038985165970230204]], "t": [[-0.4699937947569244], [0.5230951169931232], [-0.044125590027909445]]}]}