{"timestamp": "2022-02-16 22:26:07.733688", "camera_resolution": [1920, 1080], "cameras": [{"k": [[957.0183847467357, 0.0, 959.7921954188365], [0.0, 966.0965125095963, 564.8334309865154], [0.0, 0.0, 1.0]], "d": [[0.1406096764646993], [-0.10665361291304085], [0.07544109171750779], [-0.01940137994542258]], "r": [[0.9999999994354688, -2.0267748825718844e-05, 2.680075430381558e-05], [2.6801070440022054e-05, 1.5597882371802062e-05, -0.9999999995192043], [2.026733078096109e-05, 0.9999999996729622, 1.5598425560360512e-05]], "t": [[5.417370184291878e-06], [0.49999958663188965], [0.0]]}, {"k": [[952.9011142603142, 0.0, 956.6859954167097], [0.0, 961.770646039857, 549.0242069618193], [0.0, 0.0, 1.0]], "d": [[0.11369896662123395], [-0.012547802648973871], [-0.0420806856749681], [0.027062828441521136]], "r": [[0.9998452041503432, 0.0064418511071672605, -0.01637285228272546], [-0.016410930913667174, 0.005903353948094934, -0.9998479043128062], [-0.006344216587231514, 0.9999618257546018, 0.006008156906880566]], "t": [[-0.2624751559648431], [0.5071257048602192], [-0.006715677137961306]]}]}