{"timestamp": "2022-02-16 22:26:06.503501", "camera_resolution": [1920, 1080], "cameras": [{"k": [[960.4869959766988, 0.0, 945.8354930857048], [0.0, 968.4271879913204, 584.4604356196446], [0.0, 0.0, 1.0]], "d": [[0.1290252478211594], [-0.048099608754185307], [-0.012195437586590469], [0.013336374966686833]], "r": [[0.9989030491337308, -0.046641296827467746, -0.004157867432558374], [-0.0041579279790256475, 9.57206588621894e-05, -0.9999913511988374], [0.046641291429975626, 0.9989116979332093, -9.831549505443779e-05]], "t": [[0.0020874422043561935], [0.4999622213778661], [4.8701271618240005e-05]]}, {"k": [[948.6890782956718, 0.0, 962.0725286534648], [0.0, 959.4482907514903, 539.0572440942218], [0.0, 0.0, 1.0]], "d": [[0.13703607313055885], [-0.1082377390104192], [0.11408595667532688], [-0.06411631412662565]], "r": [[0.9963957690466847, -0.06688602627582774, -0.05217021099147626], [-0.05117139277443944, 0.016561578291398073, -0.9985525537927495], [0.06765323338459082, 0.9976231621276279, 0.013079235416602603]], "t": [[-0.46194713279038535], [0.5243584267382267], [-0.03958391695071257]]}]}