{"timestamp": "2022-02-18 19:54:21.127511", "camera_resolution": [1920, 1080], "cameras": [{"k": [[957.0183847467357, 0.0, 959.7921954188365], [0.0, 966.0965125095963, 564.8334309865154], [0.0, 0.0, 1.0]], "d": [[0.1406096764646993], [-0.10665361291304085], [0.07544109171750779], [-0.01940137994542258]], "r": [[1.0, 0.0, 0.0], [0.0, 0.0, -1.0], [0.0, 1.0, 0.0]], "t": [[0.0], [0.5], [0.0]]}, {"k": [[952.9011142603142, 0.0, 956.6859954167097], [0.0, 961.770646039857, 549.0242069618193], [0.0, 0.0, 1.0]], "d": [[0.11369896662123395], [-0.012547802648973871], [-0.0420806856749681], [0.027062828441521136]], "r": [[0.9998452087304303, 0.006443161444252368, -0.01637205696928803], [-0.01641055181488459, 0.005967708222507599, -0.9998475285000719], [-0.006344475386767697, 0.9999614353209699, 0.006072520308107989]], "t": [[-0.2624719394807513], [0.5071491580334505], [-0.006713149520955919]]}]}