{"timestamp": "2022-02-18 19:54:21.043435", "camera_resolution": [1920, 1080], "cameras": [{"k": [[960.4869959766988, 0.0, 945.8354930857048], [0.0, 968.4271879913204, 584.4604356196446], [0.0, 0.0, 1.0]], "d": [[0.1290252478211594], [-0.048099608754185307], [-0.012195437586590469], [0.013336374966686833]], "r": [[0.998903214931488, -0.046636857092380524, -0.004174884408712387], [-0.004174884408712387, 9.740254323648001e-05, -0.9999912806225701], [0.046636857092380524, 0.9989119343089179, -9.740254323648001e-05]], "t": [[0.0020874422043561935], [0.49999564031128507], [4.8701271618240005e-05]]}, {"k": [[948.6890782956718, 0.0, 962.0725286534648], [0.0, 959.4482907514903, 539.0572440942218], [0.0, 0.0, 1.0]], "d": [[0.13703607313055885], [-0.1082377390104192], [0.11408595667532688], [-0.06411631412662565]], "r": [[0.9963957416486136, -0.06688503371636381, -0.05217257003805943], [-0.05116982500994957, 0.016619768401850647, -0.998551667551739], [0.06765525798269124, 0.9976222902454236, 0.013137375442394067]], "t": [[-0.46194147617756665], [0.5243384610386264], [-0.03970576551364696]]}]}