{"timestamp": "2022-02-19 02:13:00.784592", "camera_resolution": [1920, 1080], "cameras": [{"k": [[960.4869959766988, 0.0, 945.8354930857048], [0.0, 968.4271879913204, 584.4604356196446], [0.0, 0.0, 1.0]], "d": [[0.1290252478211594], [-0.048099608754185307], [-0.012195437586590469], [0.013336374966686833]], "r": [[0.9992336193252184, -0.03795991269037753, -0.009550865864597914], [-0.00954957810898351, 0.0002152440040982098, -0.9999543785733224], [0.037960236671615334, 0.9992792396015028, -0.00014742210599384822]], "t": [[0.0047770035453140736], [0.4999771725612159], [0.00010096117558916795]]}, {"k": [[948.6890782956718, 0.0, 962.0725286534648], [0.0, 959.4482907514903, 539.0572440942218], [0.0, 0.0, 1.0]], "d": [[0.13703607313055885], [-0.1082377390104192], [0.11408595667532688], [-0.06411631412662565]], "r": [[0.9974418591767493, -0.05125351358200121, -0.04982785272845657], [-0.04774597811489975, 0.04107218338562804, -0.9980147280104581], [0.05319830012209651, 0.9978407453584148, 0.03851996581881129]], "t": [[-0.4684754435214788], [0.5225906498982354], [-0.04560481540112733]]}]}