{"timestamp": "2022-02-19 02:12:52.669746", "camera_resolution": [1920, 1080], "cameras": [{"k": [[960.4869959766988, 0.0, 945.8354930857048], [0.0, 968.4271879913204, 584.4604356196446], [0.0, 0.0, 1.0]], "d": [[0.1290252478211594], [-0.048099608754185307], [-0.012195437586590469], [0.013336374966686833]], "r": [[0.9992335438728333, -0.03796205669641494, -0.009554007090628147], [-0.009554007090628147, 0.00018140587862958135, -0.9999543451224318], [0.03796205669641495, 0.9992791987504012, -0.0001814058786295536]], "t": [[0.0047770035453140736], [0.4999771725612159], [9.07029393147768e-05]]}, {"k": [[948.6890782956718, 0.0, 962.0725286534648], [0.0, 959.4482907514903, 539.0572440942218], [0.0, 0.0, 1.0]], "d": [[0.13703607313055885], [-0.1082377390104192], [0.11408595667532688], [-0.06411631412662565]], "r": [[0.9974385001301143, -0.05128636817787636, -0.04986199760952427], [-0.04777883809952448, 0.04107286658170641, -0.9980131288785314], [0.053232443949332124, 0.9978390630667067, 0.03851726975375376]], "t": [[-0.46846859811986236], [0.5226411632723135], [-0.04559095062175471]]}]}