{"timestamp": "2022-02-19 02:13:02.873568", "camera_resolution": [1920, 1080], "cameras": [{"k": [[957.0183847467357, 0.0, 959.7921954188365], [0.0, 966.0965125095963, 564.8334309865154], [0.0, 0.0, 1.0]], "d": [[0.1406096764646993], [-0.10665361291304085], [0.07544109171750779], [-0.01940137994542258]], "r": [[0.9999999970451277, 4.742245707332596e-05, -6.050499732227442e-05], [-6.0490009719789926e-05, -0.0003159821506952681, -0.9999999482481182], [-4.744157311830627e-05, 0.9999999489531942, -0.000315979281176692]], "t": [[0.0], [0.5], [2.704165112005421e-06]]}, {"k": [[952.9011142603142, 0.0, 956.6859954167097], [0.0, 961.770646039857, 549.0242069618193], [0.0, 0.0, 1.0]], "d": [[0.11369896662123395], [-0.012547802648973871], [-0.0420806856749681], [0.027062828441521136]], "r": [[0.998837012574605, -0.01846590972326604, -0.04453798928028473], [-0.04493179759846475, -0.021489857211017423, -0.9987588896233269], [0.01748587646099463, 0.9995985175134777, -0.022294571295464787]], "t": [[-0.3692542782220825], [0.5119998145955826], [-0.011545084812200486]]}]}