{"timestamp": "2022-02-16 01:06:59.519569", "camera_resolution": [1920, 1080], "cameras": [{"k": [[960.4869959766988, 0.0, 945.8354930857048], [0.0, 968.4271879913204, 584.4604356196446], [0.0, 0.0, 1.0]], "d": [[0.1290252478211594], [-0.048099608754185307], [-0.012195437586590469], [0.013336374966686833]], "r": [[1.0, 0.0, 0.0], [0.0, 0.0, -1.0], [0.0, 1.0, 0.0]], "t": [[0.0], [0.0], [0.0]]}, {"k": [[948.6890782956718, 0.0, 962.0725286534648], [0.0, 959.4482907514903, 539.0572440942218], [0.0, 0.0, 1.0]], "d": [[0.13703607313055885], [-0.1082377390104192], [0.11408595667532688], [-0.06411631412662565]], "r": [[0.813234146022812, 0.5812904731620284, 0.027415498419923325], [0.03090214284336276, 0.003907715883670685, -0.9995147759409367], [-0.5811155490177803, 0.8136867428978043, -0.014785233245582223]], "t": [[-4.869355895033013], [0.11736897668654728], [0.2458825341835349]]}]}