{"timestamp": "2022-02-16 20:34:55.440171", "camera_resolution": [1920, 1080], "cameras": [{"k": [[960.4869959766988, 0.0, 945.8354930857048], [0.0, 968.4271879913204, 584.4604356196446], [0.0, 0.0, 1.0]], "d": [[0.1290252478211594], [-0.048099608754185307], [-0.012195437586590469], [0.013336374966686833]], "r": [[0.998668909072876, -0.045342471450567245, -0.024585789069533348], [-0.024585789069533348, 0.0005577633869041088, -0.9996975671474794], [0.045342471450567245, 0.9989713419253966, -0.0005577633869041088]], "t": [[0.012292894534766674], [0.4998487835737397], [0.0002788816934520544]]}, {"k": [[948.6890782956718, 0.0, 962.0725286534648], [0.0, 959.4482907514903, 539.0572440942218], [0.0, 0.0, 1.0]], "d": [[0.13703607313055885], [-0.1082377390104192], [0.11408595667532688], [-0.06411631412662565]], "r": [[0.9938637780122158, -0.07944848289834196, -0.07695921009807888], [-0.07625406076674343, 0.011876182003406986, -0.9970176891370546], [0.08012552441071294, 0.9967682216401378, 0.0057450338244016685]], "t": [[-0.4238224566926053], [0.5339789061991628], [-0.04014341533991484]]}]}