{"timestamp": "2022-02-16 20:39:03.491956", "camera_resolution": [1920, 1080], "cameras": [{"k": [[960.4869959766988, 0.0, 945.8354930857048], [0.0, 968.4271879913204, 584.4604356196446], [0.0, 0.0, 1.0]], "d": [[0.1290252478211594], [-0.048099608754185307], [-0.012195437586590469], [0.013336374966686833]], "r": [[0.9986689148923268, -0.04534220925571568, -0.02458622556623], [-0.024586222737915858, 0.0005578304235338173, -0.999697557502618], [0.045342210789332274, 0.9989713573897049, -0.000557705752425771]], "t": [[0.012292927615247433], [0.4998487914003009], [0.0002784650374479735]]}, {"k": [[948.6890782956718, 0.0, 962.0725286534648], [0.0, 959.4482907514903, 539.0572440942218], [0.0, 0.0, 1.0]], "d": [[0.13703607313055885], [-0.1082377390104192], [0.11408595667532688], [-0.06411631412662565]], "r": [[0.993863607361797, -0.07944964963733933, -0.07696026984295103], [-0.0762550995656742, 0.011876400081164442, -0.9970176081250227], [0.0801267106028004, 0.996768129653841, 0.005745080883584788]], "t": [[-0.4238218699220571], [0.5339787747629047], [-0.04014355939658786]]}]}