{"timestamp": "2022-02-18 19:53:36.796366", "camera_resolution": [1920, 1080], "cameras": [{"k": [[957.0183847467357, 0.0, 959.7921954188365], [0.0, 966.0965125095963, 564.8334309865154], [0.0, 0.0, 1.0]], "d": [[0.1406096764646993], [-0.10665361291304085], [0.07544109171750779], [-0.01940137994542258]], "r": [[1.0, 0.0, 0.0], [0.0, 0.0, -1.0], [0.0, 1.0, 0.0]], "t": [[0.0], [0.5], [0.0]]}, {"k": [[952.9011142603142, 0.0, 956.6859954167097], [0.0, 961.770646039857, 549.0242069618193], [0.0, 0.0, 1.0]], "d": [[0.11369896662123395], [-0.012547802648973871], [-0.0420806856749681], [0.027062828441521136]], "r": [[0.9998574363037525, 0.007103323487726339, -0.015318285266845639], [-0.015337470479208313, 0.002654312627429227, -0.9998788509733444], [-0.007061803408985439, 0.9999712482966221, 0.002762881233107309]], "t": [[-0.2665103378788525], [0.5134550135559335], [-0.0015475646490492505]]}]}