{"timestamp": "2022-02-16 22:20:59.448420", "camera_resolution": [1920, 1080], "cameras": [{"k": [[960.4869959766988, 0.0, 945.8354930857048], [0.0, 968.4271879913204, 584.4604356196446], [0.0, 0.0, 1.0]], "d": [[0.1290252478211594], [-0.048099608754185307], [-0.012195437586590469], [0.013336374966686833]], "r": [[0.9985475466640181, -0.05342236222174221, -0.0069891534479833255], [-0.006988766573198926, 0.00019405568897714275, -0.9999755594434171], [0.05342241283446325, 0.9985719871681954, -0.0001795825872123154]], "t": [[0.0034986259415745735], [0.49998637004085644], [9.350637575898657e-05]]}, {"k": [[948.6890782956718, 0.0, 962.0725286534648], [0.0, 959.4482907514903, 539.0572440942218], [0.0, 0.0, 1.0]], "d": [[0.13703607313055885], [-0.1082377390104192], [0.11408595667532688], [-0.06411631412662565]], "r": [[0.9959922017426808, -0.0715309829365443, -0.053692201928203044], [-0.052635265898299165, 0.01658117744814305, -0.9984761355877508], [0.07231225934502716, 0.9973005479967235, 0.012749671127230371]], "t": [[-0.46720292515173284], [0.5253448535000411], [-0.04226197150303927]]}]}