{"timestamp": "2022-02-16 00:46:09.176965", "camera_resolution": [1920, 1080], "cameras": [{"k": [[960.4869959766988, 0.0, 945.8354930857048], [0.0, 968.4271879913204, 584.4604356196446], [0.0, 0.0, 1.0]], "d": [[0.1290252478211594], [-0.048099608754185307], [-0.012195437586590469], [0.013336374966686833]], "r": [[1.0, 0.0, 0.0], [0.0, 0.0, -1.0], [0.0, 1.0, 0.0]], "t": [[0.0], [0.0], [0.0]]}, {"k": [[948.6890782956718, 0.0, 962.0725286534648], [0.0, 959.4482907514903, 539.0572440942218], [0.0, 0.0, 1.0]], "d": [[0.13703607313055885], [-0.1082377390104192], [0.11408595667532688], [-0.06411631412662565]], "r": [[0.813234146022812, 0.5812904731620284, 0.027415498419923325], [0.03090214284336276, 0.003907715883670685, -0.9995147759409367], [-0.5811155490177803, 0.8136867428978043, -0.014785233245582223]], "t": [[-4.869355895033013], [0.11736897668654728], [0.2458825341835349]]}, {"k": [[957.0183847467357, 0.0, 959.7921954188365], [0.0, 966.0965125095963, 564.8334309865154], [0.0, 0.0, 1.0]], "d": [[0.1406096764646993], [-0.10665361291304085], [0.07544109171750779], [-0.01940137994542258]], "r": [[0.5823412588988115, 0.8121411795652552, 0.03612980263581418], [0.07766989589890053, -0.0113429257666307, -0.9969146028151593], [-0.8092255837868704, 0.5833507028275601, -0.06968437454257914]], "t": [[-9.010027994263439], [-0.0977067000391575], [4.149993580076301]]}, {"k": [[952.9011142603142, 0.0, 956.6859954167097], [0.0, 961.770646039857, 549.0242069618193], [0.0, 0.0, 1.0]], "d": [[0.11369896662123395], [-0.012547802648973871], [-0.0420806856749681], [0.027062828441521136]], "r": [[-0.9940600974167368, -0.10122478616369762, 0.03997581005985041], [-0.043606018641958025, 0.03390697328877143, -0.9984732506685353], [0.09971478256519845, -0.9942856027462672, -0.038119579083025254]], "t": [[5.174171490330144], [0.24561495692899826], [12.541623905921742]]}]}