{"timestamp": "2022-02-16 22:22:44.919937", "camera_resolution": [1920, 1080], "cameras": [{"k": [[957.0183847467357, 0.0, 959.7921954188365], [0.0, 966.0965125095963, 564.8334309865154], [0.0, 0.0, 1.0]], "d": [[0.1406096764646993], [-0.10665361291304085], [0.07544109171750779], [-0.01940137994542258]], "r": [[0.999999974881254, -0.00013434182207069177, 0.0001794150670379332], [0.0001794012661114119, -0.0001027349384414362, -0.9999999786303589], [0.00013436025139572285, 0.9999999856989036, -0.00010271083476789218]], "t": [[0.0], [0.4999825198633669], [0.0]]}, {"k": [[952.9011142603142, 0.0, 956.6859954167097], [0.0, 961.770646039857, 549.0242069618193], [0.0, 0.0, 1.0]], "d": [[0.11369896662123395], [-0.012547802648973871], [-0.0420806856749681], [0.027062828441521136]], "r": [[0.999857442426942, 0.007101964739112884, -0.015318515603649852], [-0.015336585015786764, 0.0024968396715902984, -0.9998792701880103], [-0.007062859442776107, 0.9999716635427721, 0.0026054036141869258]], "t": [[-0.26661641728198937], [0.5136470587087064], [-0.0016214044529304342]]}]}