{"timestamp": "2022-02-18 19:53:36.697276", "camera_resolution": [1920, 1080], "cameras": [{"k": [[960.4869959766988, 0.0, 945.8354930857048], [0.0, 968.4271879913204, 584.4604356196446], [0.0, 0.0, 1.0]], "d": [[0.1290252478211594], [-0.048099608754185307], [-0.012195437586590469], [0.013336374966686833]], "r": [[0.9985478520393372, -0.05341684073209763, -0.006997251883149147], [-0.006997251883149147, 0.0001870127515180009, -0.9999755025697925], [0.053416840732097626, 0.9985723494695447, -0.00018701275151797314]], "t": [[0.0034986259415745735], [0.49998775128489625], [9.350637575898657e-05]]}, {"k": [[948.6890782956718, 0.0, 962.0725286534648], [0.0, 959.4482907514903, 539.0572440942218], [0.0, 0.0, 1.0]], "d": [[0.13703607313055885], [-0.1082377390104192], [0.11408595667532688], [-0.06411631412662565]], "r": [[0.9959922368594173, -0.07153049188508391, -0.05369344288864761], [-0.05263443122716431, 0.016609965521279708, -0.9984757021437513], [0.0723133043447463, 0.9973001698329113, 0.012778445394533624]], "t": [[-0.4672044063161176], [0.5253465888705499], [-0.04225945098962295]]}]}