{"timestamp": "2022-02-16 21:43:05.749055", "camera_resolution": [1920, 1080], "cameras": [{"k": [[960.4869959766988, 0.0, 945.8354930857048], [0.0, 968.4271879913204, 584.4604356196446], [0.0, 0.0, 1.0]], "d": [[0.1290252478211594], [-0.048099608754185307], [-0.012195437586590469], [0.013336374966686833]], "r": [[0.9934320793861461, 0.1125038510672281, -0.020870724509729908], [-0.079186667341341, 0.5443065783254387, -0.8351405992448367], [-0.08259646095257277, 0.8313081452065149, 0.5496404209584791]], "t": [[0.0104351956122678], [0.4175593982691248], [-0.27480232496327045]]}, {"k": [[948.6890782956718, 0.0, 962.0725286534648], [0.0, 959.4482907514903, 539.0572440942218], [0.0, 0.0, 1.0]], "d": [[0.13703607313055885], [-0.1082377390104192], [0.11408595667532688], [-0.06411631412662565]], "r": [[0.99015995761882, 0.11233688401253304, -0.08344868374427093], [-0.1316248541668333, 0.5451259066053316, -0.827956909333617], [-0.04752005991006862, 0.8307936990842373, 0.554548170556962]], "t": [[-0.42057489645404456], [0.449453028365476], [-0.3145449204949649]]}, {"k": [[957.0183847467357, 0.0, 959.7921954188365], [0.0, 966.0965125095963, 564.8334309865154], [0.0, 0.0, 1.0]], "d": [[0.1406096764646993], [-0.10665361291304085], [0.07544109171750779], [-0.01940137994542258]], "r": [[0.9968774369427046, 0.06316176436113857, -0.0473916367868008], [-0.07426111762613608, 0.5458502363625694, -0.8345854095728276], [-0.026845150836999003, 0.8354987199186574, 0.5488362477923845]], "t": [[-0.06777494325846334], [0.3361970406052901], [-0.4337293271323709]]}, {"k": [[952.9011142603142, 0.0, 956.6859954167097], [0.0, 961.770646039857, 549.0242069618193], [0.0, 0.0, 1.0]], "d": [[0.11369896662123395], [-0.012547802648973871], [-0.0420806856749681], [0.027062828441521136]], "r": [[0.9952588785468414, 0.0757220980028202, -0.06104038456411103], [-0.09302489396325067, 0.5578949214140664, -0.8246815299032217], [-0.028392495078968343, 0.8264498899113266, 0.5622939139709293]], "t": [[-0.32703121439611615], [0.3214187333081868], [-0.44471086759842]]}]}