{"timestamp": "2022-02-16 21:42:53.439264", "camera_resolution": [1920, 1080], "cameras": [{"k": [[960.4869959766988, 0.0, 945.8354930857048], [0.0, 968.4271879913204, 584.4604356196446], [0.0, 0.0, 1.0]], "d": [[0.1290252478211594], [-0.048099608754185307], [-0.012195437586590469], [0.013336374966686833]], "r": [[0.9934348364990765, 0.11248259583650443, -0.0208561115982442], [-0.07916269474692891, 0.5443078688694158, -0.8351420560237002], [-0.0825868007670401, 0.8313102191742636, 0.5496387609054371]], "t": [[0.0104280557991221], [0.4175710280118501], [-0.27481938045271853]]}, {"k": [[948.6890782956718, 0.0, 962.0725286534648], [0.0, 959.4482907514903, 539.0572440942218], [0.0, 0.0, 1.0]], "d": [[0.13703607313055885], [-0.1082377390104192], [0.11408595667532688], [-0.06411631412662565]], "r": [[0.9901598691326216, 0.11233385077411195, -0.0834543305752004], [-0.13162788647465842, 0.5451259510257688, -0.8279564240194042], [-0.047514411834315505, 0.8307941227953868, 0.5545480441345018]], "t": [[-0.42057489645404456], [0.44944827364033757], [-0.3145449204949649]]}, {"k": [[957.0183847467357, 0.0, 959.7921954188365], [0.0, 966.0965125095963, 564.8334309865154], [0.0, 0.0, 1.0]], "d": [[0.1406096764646993], [-0.10665361291304085], [0.07544109171750779], [-0.01940137994542258]], "r": [[0.9968775155400843, 0.06315454620803945, -0.04740051027010385], [-0.07426441583173599, 0.545845194266565, -0.8345884390663854], [-0.026834713009017953, 0.8355026021337085, 0.548830873423702]], "t": [[-0.06777494325846334], [0.3361970406052901], [-0.4337945076267278]]}, {"k": [[952.9011142603142, 0.0, 956.6859954167097], [0.0, 961.770646039857, 549.0242069618193], [0.0, 0.0, 1.0]], "d": [[0.11369896662123395], [-0.012547802648973871], [-0.0420806856749681], [0.027062828441521136]], "r": [[0.9952589747491917, 0.07572687081323591, -0.06103359880858732], [-0.0930236774597417, 0.5579448131689766, -0.8246479397648776], [-0.028394627723044755, 0.8264158139081783, 0.5623439106793727]], "t": [[-0.3270462142123234], [0.32141833601070596], [-0.44484181400312817]]}]}