{"timestamp": "2022-02-18 19:55:21.395045", "camera_resolution": [1920, 1080], "cameras": [{"k": [[957.0183847467357, 0.0, 959.7921954188365], [0.0, 966.0965125095963, 564.8334309865154], [0.0, 0.0, 1.0]], "d": [[0.1406096764646993], [-0.10665361291304085], [0.07544109171750779], [-0.01940137994542258]], "r": [[1.0, 0.0, 0.0], [0.0, 0.0, -1.0], [0.0, 1.0, 0.0]], "t": [[0.0], [0.5], [0.0]]}, {"k": [[952.9011142603142, 0.0, 956.6859954167097], [0.0, 961.770646039857, 549.0242069618193], [0.0, 0.0, 1.0]], "d": [[0.11369896662123395], [-0.012547802648973871], [-0.0420806856749681], [0.027062828441521136]], "r": [[0.9998422052750189, 0.008153824552758733, -0.015782258898834164], [-0.015824186281614017, 0.005103379130212874, -0.9998617657706379], [-0.008072154564413398, 0.9999537342630489, 0.005231601482537008]], "t": [[-0.2681813073269025], [0.5087209691058429], [-0.004213952136753449]]}]}