{"timestamp": "2022-02-18 19:55:21.209319", "camera_resolution": [1920, 1080], "cameras": [{"k": [[960.4869959766988, 0.0, 945.8354930857048], [0.0, 968.4271879913204, 584.4604356196446], [0.0, 0.0, 1.0]], "d": [[0.1290252478211594], [-0.048099608754185307], [-0.012195437586590469], [0.013336374966686833]], "r": [[0.9982997179031372, -0.05781462043523788, -0.007431259844452143], [-0.007431259844452143, 0.00021499540637440195, -0.9999723653512189], [0.057814620435237885, 0.9983273525519181, -0.00021499540637440195]], "t": [[0.0037156299222260714], [0.49998618267560946], [0.00010749770318720098]]}, {"k": [[948.6890782956718, 0.0, 962.0725286534648], [0.0, 959.4482907514903, 539.0572440942218], [0.0, 0.0, 1.0]], "d": [[0.13703607313055885], [-0.1082377390104192], [0.11408595667532688], [-0.06411631412662565]], "r": [[0.9955469062663673, -0.07698440958898663, -0.054404399369983855], [-0.0532424129451603, 0.01706814084766631, -0.9984357391659036], [0.07779256784341015, 0.9968862315533584, 0.012893308242618676]], "t": [[-0.46564823068595446], [0.5255757899963971], [-0.044958249329831335]]}]}