{"timestamp": "2022-02-16 22:32:00.635356", "camera_resolution": [1920, 1080], "cameras": [{"k": [[960.4869959766988, 0.0, 945.8354930857048], [0.0, 968.4271879913204, 584.4604356196446], [0.0, 0.0, 1.0]], "d": [[0.1290252478211594], [-0.048099608754185307], [-0.012195437586590469], [0.013336374966686833]], "r": [[0.9982969646532199, -0.05787178226095169, -0.007350318503859029], [-0.00735078524055352, 0.0002048177774606354, -0.999972961637476], [0.0578717229786226, 0.9983240029507547, -0.00022093407734236005]], "t": [[0.0037156299222260714], [0.4999114074496224], [0.00010749770318720098]]}, {"k": [[948.6890782956718, 0.0, 962.0725286534648], [0.0, 959.4482907514903, 539.0572440942218], [0.0, 0.0, 1.0]], "d": [[0.13703607313055885], [-0.1082377390104192], [0.11408595667532688], [-0.06411631412662565]], "r": [[0.9955469805235019, -0.07698600772404356, -0.05440003846737281], [-0.053245429488312894, 0.016973154043647853, -0.9984371969635425], [0.07778903399029477, 0.9968876900917797, 0.012798419212256612]], "t": [[-0.46565183672234395], [0.5256603713999158], [-0.04472641348255855]]}]}