{"timestamp": "2022-02-16 22:32:06.750866", "camera_resolution": [1920, 1080], "cameras": [{"k": [[957.0183847467357, 0.0, 959.7921954188365], [0.0, 966.0965125095963, 564.8334309865154], [0.0, 0.0, 1.0]], "d": [[0.1406096764646993], [-0.10665361291304085], [0.07544109171750779], [-0.01940137994542258]], "r": [[0.9999999872357929, -8.189683414260078e-05, 0.00013719082659022474], [0.00013718991065236378, -1.1189557731048822e-05, -0.9999999905268611], [8.1898368471455e-05, 0.9999999965838511, -1.1178322168864252e-05]], "t": [[0.0], [0.5000183118448721], [0.0]]}, {"k": [[952.9011142603142, 0.0, 956.6859954167097], [0.0, 961.770646039857, 549.0242069618193], [0.0, 0.0, 1.0]], "d": [[0.11369896662123395], [-0.012547802648973871], [-0.0420806856749681], [0.027062828441521136]], "r": [[0.999842202550537, 0.008154395400704846, -0.015782136564463898], [-0.015824578845806986, 0.005166792946012123, -0.9998614338772177], [-0.008071722445876265, 0.9999534039575554, 0.005295017512221679]], "t": [[-0.26820378338594214], [0.50867608978874], [-0.004332116860155819]]}]}